ID,Sikayet Icerigi
1,https://www.sikayetvar.com/millenicom/yalandan-ibaret-olan-firma-millenicom
2,https://www.sikayetvar.com/weplay/weplay-premium-sohbet-odasi-acilmadi
3,https://www.sikayetvar.com/aras-kargo/aras-kargo-trendyol-siparisimi-kaybetti-urun-teslim-edildi-gorunuyor
4,https://www.sikayetvar.com/aras-kargo/aras-kargo-soguk-zincir-urunu-2-gun-aracta-dolastirdi
5,https://www.sikayetvar.com/zwilling/zwilling-yedek-parca-bulunamiyor-buhar-dugmesi-sorunu
6,https://www.sikayetvar.com/lbank/lbank-authenticator-sorunu-yasiyorum
7,https://www.sikayetvar.com/turk-telekom/turk-telekom-telefonla-1-dakika-uye-ol-uyelikten-cikmak-icin-ayaklarina-git
8,https://www.sikayetvar.com/baby-face-generator/baby-face-generator-bilgilendirme-yapmadan-odeme-talep-ediyor
9,https://www.sikayetvar.com/ptt-kargo/ptt-kargo-pttavmcom-yanlis-teslimat-magduriyeti
10,https://www.sikayetvar.com/turk-telekom/turk-telekom-altyapi-sorunu-halledin-artik
11,https://www.sikayetvar.com/trendyol/trendyol-kirik-urunler-ve-eksik-iade-sorunu
12,https://www.sikayetvar.com/param-saglam-paramsaglamcom/param-saglam-paramsaglamcom-maddi-kayip-ve-kotu-muamele-sikayeti
13,https://www.sikayetvar.com/is-bankasi/is-bankasi-musteri-memnuniyetsizligi-mobil-bankacilik
14,https://www.sikayetvar.com/yunus-market/mamak-dereboyu-yunus-market-zorla-calistirilan-eleman
15,https://www.sikayetvar.com/yapi-kredi-bankasi/yapi-kredi-esnek-hesap-faizi-3
16,https://www.sikayetvar.com/zara/zara-kargo-bilgisi-bulunmamasi-ve-urunun-teslim-edilmis-gorunmesi
17,https://www.sikayetvar.com/kosgeb/kosgeb-deprem-kredisi-basvurusu-tekrar-acilacak-mi
18,https://www.sikayetvar.com/uber/uber-taksimetre-tutarindan-fazla-odeme
19,https://www.sikayetvar.com/yapi-kredi-bankasi/yapi-kredi-sifir-limitli-kredi-karti
20,https://www.sikayetvar.com/topkapi-fatih-veteriner/topkapi-fatih-veteriner-kedileri-karistirip-yanlis-islem-uygulandi
